al.essio.dev/pkg/shellescape,https://github.com/alessio/shellescape/blob/v1.5.1/LICENSE,MIT
cel.dev/expr,https://github.com/google/cel-spec/blob/v0.24.0/LICENSE,Apache-2.0
cloud.google.com/go/auth,https://github.com/googleapis/google-cloud-go/blob/auth/v0.17.0/auth/LICENSE,Apache-2.0
cloud.google.com/go/auth/oauth2adapt,https://github.com/googleapis/google-cloud-go/blob/auth/oauth2adapt/v0.2.8/auth/oauth2adapt/LICENSE,Apache-2.0
cloud.google.com/go/compute/metadata,https://github.com/googleapis/google-cloud-go/blob/compute/metadata/v0.9.0/compute/metadata/LICENSE,Apache-2.0
cloud.google.com/go/iam,https://github.com/googleapis/google-cloud-go/blob/iam/v1.5.2/iam/LICENSE,Apache-2.0
cloud.google.com/go/internal,https://github.com/googleapis/google-cloud-go/blob/v0.120.0/LICENSE,Apache-2.0
cloud.google.com/go/monitoring,https://github.com/googleapis/google-cloud-go/blob/monitoring/v1.24.2/monitoring/LICENSE,Apache-2.0
cloud.google.com/go/secretmanager,https://github.com/googleapis/google-cloud-go/blob/secretmanager/v1.15.1/secretmanager/LICENSE,Apache-2.0
cloud.google.com/go/storage,https://github.com/googleapis/google-cloud-go/blob/storage/v1.51.0/storage/LICENSE,Apache-2.0
cuelang.org/go,https://github.com/cue-lang/cue/blob/v0.13.2/LICENSE,Apache-2.0
dario.cat/mergo,https://github.com/imdario/mergo/blob/v1.0.2/LICENSE,BSD-3-Clause
github.com/AlecAivazis/survey/v2,https://github.com/AlecAivazis/survey/blob/v2.3.7/LICENSE,MIT
github.com/AlecAivazis/survey/v2/terminal,https://github.com/AlecAivazis/survey/blob/v2.3.7/terminal/LICENSE.txt,MIT
github.com/Azure/azure-sdk-for-go/sdk/azcore,https://github.com/Azure/azure-sdk-for-go/blob/sdk/azcore/v1.19.1/sdk/azcore/LICENSE.txt,MIT
github.com/Azure/azure-sdk-for-go/sdk/azidentity,https://github.com/Azure/azure-sdk-for-go/blob/sdk/azidentity/v1.13.0/sdk/azidentity/LICENSE.txt,MIT
github.com/Azure/azure-sdk-for-go/sdk/internal,https://github.com/Azure/azure-sdk-for-go/blob/sdk/internal/v1.11.2/sdk/internal/LICENSE.txt,MIT
github.com/Azure/azure-sdk-for-go/sdk/security/keyvault/azsecrets,https://github.com/Azure/azure-sdk-for-go/blob/sdk/security/keyvault/azsecrets/v1.4.0/sdk/security/keyvault/azsecrets/LICENSE.txt,MIT
github.com/Azure/azure-sdk-for-go/sdk/security/keyvault/internal,https://github.com/Azure/azure-sdk-for-go/blob/sdk/security/keyvault/internal/v1.2.0/sdk/security/keyvault/internal/LICENSE.txt,MIT
github.com/Azure/azure-sdk-for-go/sdk/storage/azblob,https://github.com/Azure/azure-sdk-for-go/blob/sdk/storage/azblob/v1.6.1/sdk/storage/azblob/LICENSE.txt,MIT
github.com/Azure/go-autorest/autorest/to,https://github.com/Azure/go-autorest/blob/autorest/to/v0.4.1/autorest/to/LICENSE,Apache-2.0
github.com/Azure/go-ntlmssp,https://github.com/Azure/go-ntlmssp/blob/48547f28849e/LICENSE,MIT
github.com/AzureAD/microsoft-authentication-library-for-go/apps,https://github.com/AzureAD/microsoft-authentication-library-for-go/blob/v1.5.0/LICENSE,MIT
github.com/BurntSushi/toml,https://github.com/BurntSushi/toml/blob/v1.4.0/COPYING,MIT
github.com/CycloneDX/cyclonedx-go,https://github.com/CycloneDX/cyclonedx-go/blob/v0.9.2/LICENSE,Apache-2.0
github.com/GoogleCloudPlatform/opentelemetry-operations-go/detectors/gcp,https://github.com/GoogleCloudPlatform/opentelemetry-operations-go/blob/detectors/gcp/v1.29.0/detectors/gcp/LICENSE,Apache-2.0
github.com/GoogleCloudPlatform/opentelemetry-operations-go/exporter/metric,https://github.com/GoogleCloudPlatform/opentelemetry-operations-go/blob/exporter/metric/v0.51.0/exporter/metric/LICENSE,Apache-2.0
github.com/GoogleCloudPlatform/opentelemetry-operations-go/internal/resourcemapping,https://github.com/GoogleCloudPlatform/opentelemetry-operations-go/blob/internal/resourcemapping/v0.51.0/internal/resourcemapping/LICENSE,Apache-2.0
github.com/HdrHistogram/hdrhistogram-go,https://github.com/HdrHistogram/hdrhistogram-go/blob/v1.1.2/LICENSE,MIT
github.com/Masterminds/goutils,https://github.com/Masterminds/goutils/blob/v1.1.1/LICENSE.txt,Apache-2.0
github.com/Masterminds/semver/v3,https://github.com/Masterminds/semver/blob/v3.4.0/LICENSE.txt,MIT
github.com/Masterminds/sprig/v3,https://github.com/Masterminds/sprig/blob/v3.3.0/LICENSE.txt,MIT
github.com/ProtonMail/go-crypto,https://github.com/ProtonMail/go-crypto/blob/v1.1.6/LICENSE,BSD-3-Clause
github.com/PuerkitoBio/goquery,https://github.com/PuerkitoBio/goquery/blob/v1.9.2/LICENSE,BSD-3-Clause
github.com/Shopify/ejson,https://github.com/Shopify/ejson/blob/v1.5.4/LICENSE.txt,MIT
github.com/a8m/envsubst/parse,https://github.com/a8m/envsubst/blob/v1.4.3/LICENSE,MIT
github.com/adrg/xdg,https://github.com/adrg/xdg/blob/v0.5.3/LICENSE,MIT
github.com/agext/levenshtein,https://github.com/agext/levenshtein/blob/v1.2.3/LICENSE,Apache-2.0
github.com/agnivade/levenshtein,https://github.com/agnivade/levenshtein/blob/v1.2.1/License.txt,MIT
github.com/alecthomas/chroma/v2,https://github.com/alecthomas/chroma/blob/v2.20.0/COPYING,MIT
github.com/alecthomas/participle/v2/lexer,https://github.com/alecthomas/participle/blob/v2.1.4/COPYING,MIT
github.com/andybalholm/brotli,https://github.com/andybalholm/brotli/blob/v1.1.1/LICENSE,MIT
github.com/andybalholm/cascadia,https://github.com/andybalholm/cascadia/blob/v1.3.2/LICENSE,BSD-2-Clause
github.com/apparentlymart/go-cidr/cidr,https://github.com/apparentlymart/go-cidr/blob/v1.1.0/LICENSE,MIT
github.com/apparentlymart/go-textseg/v15/textseg,https://github.com/apparentlymart/go-textseg/blob/v15.0.0/LICENSE,MIT
github.com/armon/go-metrics,https://github.com/armon/go-metrics/blob/v0.4.1/LICENSE,MIT
github.com/arsham/figurine/figurine,https://github.com/arsham/figurine/blob/v1.3.0/LICENSE,Apache-2.0
github.com/arsham/rainbow/rainbow,https://github.com/arsham/rainbow/blob/v1.2.1/LICENSE,Apache-2.0
github.com/atotto/clipboard,https://github.com/atotto/clipboard/blob/v0.1.4/LICENSE,BSD-3-Clause
github.com/avast/retry-go,https://github.com/avast/retry-go/blob/v3.0.0/LICENSE,MIT
github.com/aws/aws-sdk-go,https://github.com/aws/aws-sdk-go/blob/v1.55.7/LICENSE.txt,Apache-2.0
github.com/aws/aws-sdk-go-v2,https://github.com/aws/aws-sdk-go-v2/blob/v1.39.3/LICENSE.txt,Apache-2.0
github.com/aws/aws-sdk-go-v2/aws/protocol/eventstream,https://github.com/aws/aws-sdk-go-v2/blob/aws/protocol/eventstream/v1.7.2/aws/protocol/eventstream/LICENSE.txt,Apache-2.0
github.com/aws/aws-sdk-go-v2/config,https://github.com/aws/aws-sdk-go-v2/blob/config/v1.31.13/config/LICENSE.txt,Apache-2.0
github.com/aws/aws-sdk-go-v2/credentials,https://github.com/aws/aws-sdk-go-v2/blob/credentials/v1.18.17/credentials/LICENSE.txt,Apache-2.0
github.com/aws/aws-sdk-go-v2/feature/ec2/imds,https://github.com/aws/aws-sdk-go-v2/blob/feature/ec2/imds/v1.18.10/feature/ec2/imds/LICENSE.txt,Apache-2.0
github.com/aws/aws-sdk-go-v2/feature/s3/manager,https://github.com/aws/aws-sdk-go-v2/blob/feature/s3/manager/v1.19.13/feature/s3/manager/LICENSE.txt,Apache-2.0
github.com/aws/aws-sdk-go-v2/internal/configsources,https://github.com/aws/aws-sdk-go-v2/blob/internal/configsources/v1.4.10/internal/configsources/LICENSE.txt,Apache-2.0
github.com/aws/aws-sdk-go-v2/internal/endpoints/v2,https://github.com/aws/aws-sdk-go-v2/blob/internal/endpoints/v2.7.10/internal/endpoints/v2/LICENSE.txt,Apache-2.0
github.com/aws/aws-sdk-go-v2/internal/ini,https://github.com/aws/aws-sdk-go-v2/blob/internal/ini/v1.8.4/internal/ini/LICENSE.txt,Apache-2.0
github.com/aws/aws-sdk-go-v2/internal/sync/singleflight,https://github.com/aws/aws-sdk-go-v2/blob/v1.39.3/internal/sync/singleflight/LICENSE,BSD-3-Clause
github.com/aws/aws-sdk-go-v2/internal/v4a,https://github.com/aws/aws-sdk-go-v2/blob/internal/v4a/v1.4.10/internal/v4a/LICENSE.txt,Apache-2.0
github.com/aws/aws-sdk-go-v2/service/internal/accept-encoding,https://github.com/aws/aws-sdk-go-v2/blob/service/internal/accept-encoding/v1.13.2/service/internal/accept-encoding/LICENSE.txt,Apache-2.0
github.com/aws/aws-sdk-go-v2/service/internal/checksum,https://github.com/aws/aws-sdk-go-v2/blob/service/internal/checksum/v1.9.1/service/internal/checksum/LICENSE.txt,Apache-2.0
github.com/aws/aws-sdk-go-v2/service/internal/presigned-url,https://github.com/aws/aws-sdk-go-v2/blob/service/internal/presigned-url/v1.13.10/service/internal/presigned-url/LICENSE.txt,Apache-2.0
github.com/aws/aws-sdk-go-v2/service/internal/s3shared,https://github.com/aws/aws-sdk-go-v2/blob/service/internal/s3shared/v1.19.10/service/internal/s3shared/LICENSE.txt,Apache-2.0
github.com/aws/aws-sdk-go-v2/service/s3,https://github.com/aws/aws-sdk-go-v2/blob/service/s3/v1.88.5/service/s3/LICENSE.txt,Apache-2.0
github.com/aws/aws-sdk-go-v2/service/secretsmanager,https://github.com/aws/aws-sdk-go-v2/blob/service/secretsmanager/v1.35.4/service/secretsmanager/LICENSE.txt,Apache-2.0
github.com/aws/aws-sdk-go-v2/service/ssm,https://github.com/aws/aws-sdk-go-v2/blob/service/ssm/v1.66.0/service/ssm/LICENSE.txt,Apache-2.0
github.com/aws/aws-sdk-go-v2/service/sso,https://github.com/aws/aws-sdk-go-v2/blob/service/sso/v1.29.7/service/sso/LICENSE.txt,Apache-2.0
github.com/aws/aws-sdk-go-v2/service/ssooidc,https://github.com/aws/aws-sdk-go-v2/blob/service/ssooidc/v1.35.2/service/ssooidc/LICENSE.txt,Apache-2.0
github.com/aws/aws-sdk-go-v2/service/sts,https://github.com/aws/aws-sdk-go-v2/blob/service/sts/v1.38.7/service/sts/LICENSE.txt,Apache-2.0
github.com/aws/aws-sdk-go/internal/sync/singleflight,https://github.com/aws/aws-sdk-go/blob/v1.55.7/internal/sync/singleflight/LICENSE,BSD-3-Clause
github.com/aws/smithy-go,https://github.com/aws/smithy-go/blob/v1.23.1/LICENSE,Apache-2.0
github.com/aws/smithy-go/internal/sync/singleflight,https://github.com/aws/smithy-go/blob/v1.23.1/internal/sync/singleflight/LICENSE,BSD-3-Clause
github.com/aymanbagabas/go-osc52/v2,https://github.com/aymanbagabas/go-osc52/blob/v2.0.1/LICENSE,MIT
github.com/aymerick/douceur,https://github.com/aymerick/douceur/blob/v0.2.0/LICENSE,MIT
github.com/baulk/chardet,https://github.com/baulk/chardet/blob/v0.1.0/LICENSE,MIT
github.com/bearsh/hid,Unknown,Unknown
github.com/bearsh/hid/hidapi,https://github.com/bearsh/hid/blob/v1.6.0/hidapi/LICENSE-bsd.txt,BSD-3-Clause
github.com/beevik/etree,https://github.com/beevik/etree/blob/v1.4.1/LICENSE,BSD-2-Clause
github.com/beorn7/perks/quantile,https://github.com/beorn7/perks/blob/v1.0.1/LICENSE,MIT
github.com/bgentry/go-netrc/netrc,https://github.com/bgentry/go-netrc/blob/9fd32a8b3d3d/LICENSE,MIT
github.com/bmatcuk/doublestar/v4,https://github.com/bmatcuk/doublestar/blob/v4.9.1/LICENSE,MIT
github.com/catppuccin/go,https://github.com/catppuccin/go/blob/v0.3.0/LICENSE,MIT
github.com/cenkalti/backoff/v4,https://github.com/cenkalti/backoff/blob/v4.3.0/LICENSE,MIT
github.com/cespare/xxhash/v2,https://github.com/cespare/xxhash/blob/v2.3.0/LICENSE.txt,MIT
github.com/chainguard-dev/git-urls,https://github.com/chainguard-dev/git-urls/blob/v1.0.2/LICENSE,MIT
github.com/charmbracelet/bubbles,https://github.com/charmbracelet/bubbles/blob/23b8fd6302d7/LICENSE,MIT
github.com/charmbracelet/bubbletea,https://github.com/charmbracelet/bubbletea/blob/v1.3.10/LICENSE,MIT
github.com/charmbracelet/colorprofile,https://github.com/charmbracelet/colorprofile/blob/v0.3.1/LICENSE,MIT
github.com/charmbracelet/glamour,https://github.com/charmbracelet/glamour/blob/v0.10.0/LICENSE,MIT
github.com/charmbracelet/harmonica,https://github.com/charmbracelet/harmonica/blob/v0.2.0/LICENSE,MIT
github.com/charmbracelet/huh,https://github.com/charmbracelet/huh/blob/v0.8.0/LICENSE,MIT
github.com/charmbracelet/lipgloss,https://github.com/charmbracelet/lipgloss/blob/76690c660834/LICENSE,MIT
github.com/charmbracelet/log,https://github.com/charmbracelet/log/blob/v0.4.2/LICENSE,MIT
github.com/charmbracelet/x/ansi,https://github.com/charmbracelet/x/blob/ansi/v0.10.1/ansi/LICENSE,MIT
github.com/charmbracelet/x/cellbuf,https://github.com/charmbracelet/x/blob/cellbuf/v0.0.13/cellbuf/LICENSE,MIT
github.com/charmbracelet/x/exp/slice,https://github.com/charmbracelet/x/blob/2fdc97757edf/exp/slice/LICENSE,MIT
github.com/charmbracelet/x/exp/strings,https://github.com/charmbracelet/x/blob/212f7b056ed0/exp/strings/LICENSE,MIT
github.com/charmbracelet/x/term,https://github.com/charmbracelet/x/blob/term/v0.2.1/term/LICENSE,MIT
github.com/clipperhouse/uax29/v2,https://github.com/clipperhouse/uax29/blob/v2.2.0/LICENSE,MIT
github.com/cloudflare/circl,https://github.com/cloudflare/circl/blob/v1.6.1/LICENSE,BSD-3-Clause
github.com/cloudposse/atmos,https://github.com/cloudposse/atmos/blob/HEAD/LICENSE,Apache-2.0
github.com/cncf/xds/go,https://github.com/cncf/xds/blob/2ac532fd4443/go/LICENSE,Apache-2.0
github.com/cockroachdb/apd/v3,https://github.com/cockroachdb/apd/blob/v3.2.1/LICENSE,Apache-2.0
github.com/common-nighthawk/go-figure,https://github.com/common-nighthawk/go-figure/blob/734e95fb86be/LICENSE,MIT
github.com/containerd/containerd/v2,https://github.com/containerd/containerd/blob/v2.1.4/LICENSE,Apache-2.0
github.com/containerd/errdefs,https://github.com/containerd/errdefs/blob/v1.0.0/LICENSE,Apache-2.0
github.com/containerd/log,https://github.com/containerd/log/blob/v0.1.0/LICENSE,Apache-2.0
github.com/containerd/platforms,https://github.com/containerd/platforms/blob/v1.0.0-rc.1/LICENSE,Apache-2.0
github.com/containerd/stargz-snapshotter/estargz,https://github.com/containerd/stargz-snapshotter/blob/estargz/v0.16.3/estargz/LICENSE,Apache-2.0
github.com/containerd/typeurl/v2,https://github.com/containerd/typeurl/blob/v2.2.3/LICENSE,Apache-2.0
github.com/cyphar/filepath-securejoin,https://github.com/cyphar/filepath-securejoin/blob/v0.4.1/LICENSE,BSD-3-Clause
github.com/deckarep/golang-set/v2,https://github.com/deckarep/golang-set/blob/v2.6.0/LICENSE,MIT
github.com/dgryski/go-rendezvous,https://github.com/dgryski/go-rendezvous/blob/9f7001d12a5f/LICENSE,MIT
github.com/dimchansky/utfbom,https://github.com/dimchansky/utfbom/blob/v1.1.1/LICENSE,Apache-2.0
github.com/dlclark/regexp2,https://github.com/dlclark/regexp2/blob/v1.11.5/LICENSE,MIT
github.com/docker/cli/cli/config,https://github.com/docker/cli/blob/v28.2.2/LICENSE,Apache-2.0
github.com/docker/distribution/registry/client/auth/challenge,https://github.com/docker/distribution/blob/v2.8.3/LICENSE,Apache-2.0
github.com/docker/docker-credential-helpers,https://github.com/docker/docker-credential-helpers/blob/v0.9.3/LICENSE,MIT
github.com/docker/libkv,https://github.com/docker/libkv/blob/458977154600/LICENSE.code,Apache-2.0
github.com/dsnet/compress,https://github.com/dsnet/compress/blob/v0.0.1/LICENSE.md,BSD-3-Clause
github.com/dustin/go-humanize,https://github.com/dustin/go-humanize/blob/v1.0.1/LICENSE,MIT
github.com/dustin/gojson,https://github.com/dustin/gojson/blob/2e71ec9dd5ad/LICENSE,BSD-3-Clause
github.com/editorconfig-checker/editorconfig-checker/v3/pkg,https://github.com/editorconfig-checker/editorconfig-checker/blob/v3.4.1/LICENSE,MIT
github.com/editorconfig/editorconfig-core-go/v2,https://github.com/editorconfig/editorconfig-core-go/blob/v2.6.3/LICENSE,MIT
github.com/elewis787/boa,https://github.com/elewis787/boa/blob/v0.1.3/LICENSE,MIT
github.com/elliotchance/orderedmap,https://github.com/elliotchance/orderedmap/blob/v1.8.0/LICENSE,MIT
github.com/emirpasic/gods,https://github.com/emirpasic/gods/blob/v1.18.1/LICENSE,BSD-2-Clause
github.com/envoyproxy/go-control-plane/envoy,https://github.com/envoyproxy/go-control-plane/blob/envoy/v1.32.4/envoy/LICENSE,Apache-2.0
github.com/envoyproxy/protoc-gen-validate/validate,https://github.com/envoyproxy/protoc-gen-validate/blob/v1.2.1/LICENSE,Apache-2.0
github.com/fatih/color,https://github.com/fatih/color/blob/v1.18.0/LICENSE.md,MIT
github.com/felixge/httpsnoop,https://github.com/felixge/httpsnoop/blob/v1.0.4/LICENSE.txt,MIT
github.com/forPelevin/gomoji,https://github.com/forPelevin/gomoji/blob/v1.3.0/LICENSE,MIT
github.com/fsnotify/fsnotify,https://github.com/fsnotify/fsnotify/blob/v1.9.0/LICENSE,BSD-3-Clause
github.com/gabriel-vasile/mimetype,https://github.com/gabriel-vasile/mimetype/blob/v1.4.10/LICENSE,MIT
github.com/go-git/gcfg,https://github.com/go-git/gcfg/blob/3a3c6141e376/LICENSE,BSD-3-Clause
github.com/go-git/go-billy/v5,https://github.com/go-git/go-billy/blob/v5.6.2/LICENSE,Apache-2.0
github.com/go-git/go-git/v5,https://github.com/go-git/go-git/blob/v5.16.3/LICENSE,Apache-2.0
github.com/go-ini/ini,https://github.com/go-ini/ini/blob/v1.67.0/LICENSE,Apache-2.0
github.com/go-jose/go-jose/v3/json,https://github.com/go-jose/go-jose/blob/v3.0.4/json/LICENSE,BSD-3-Clause
github.com/go-jose/go-jose/v4,https://github.com/go-jose/go-jose/blob/v4.1.2/LICENSE,Apache-2.0
github.com/go-jose/go-jose/v4/json,https://github.com/go-jose/go-jose/blob/v4.1.2/json/LICENSE,BSD-3-Clause
github.com/go-logfmt/logfmt,https://github.com/go-logfmt/logfmt/blob/v0.6.0/LICENSE,MIT
github.com/go-logr/logr,https://github.com/go-logr/logr/blob/v1.4.3/LICENSE,Apache-2.0
github.com/go-logr/stdr,https://github.com/go-logr/stdr/blob/v1.2.2/LICENSE,Apache-2.0
github.com/go-stack/stack,https://github.com/go-stack/stack/blob/v1.8.1/LICENSE.md,MIT
github.com/go-viper/mapstructure/v2,https://github.com/go-viper/mapstructure/blob/v2.4.0/LICENSE,MIT
github.com/gobwas/glob,https://github.com/gobwas/glob/blob/v0.2.3/LICENSE,MIT
github.com/goccy/go-json,https://github.com/goccy/go-json/blob/v0.10.5/LICENSE,MIT
github.com/goccy/go-yaml,https://github.com/goccy/go-yaml/blob/v1.18.0/LICENSE,MIT
github.com/gofrs/flock,https://github.com/gofrs/flock/blob/v0.13.0/LICENSE,BSD-3-Clause
github.com/gogo/protobuf/proto,https://github.com/gogo/protobuf/blob/v1.3.2/LICENSE,BSD-3-Clause
github.com/golang-jwt/jwt/v4,https://github.com/golang-jwt/jwt/blob/v4.5.2/LICENSE,MIT
github.com/golang-jwt/jwt/v5,https://github.com/golang-jwt/jwt/blob/v5.3.0/LICENSE,MIT
github.com/golang/groupcache/lru,https://github.com/golang/groupcache/blob/2c02b8208cf8/LICENSE,Apache-2.0
github.com/golang/mock/gomock,https://github.com/golang/mock/blob/v1.6.0/LICENSE,Apache-2.0
github.com/golang/snappy,https://github.com/golang/snappy/blob/v0.0.4/LICENSE,BSD-3-Clause
github.com/google/go-cmp/cmp,https://github.com/google/go-cmp/blob/v0.7.0/LICENSE,BSD-3-Clause
github.com/google/go-containerregistry,https://github.com/google/go-containerregistry/blob/v0.20.6/LICENSE,Apache-2.0
github.com/google/go-github/v59/github,https://github.com/google/go-github/blob/v59.0.0/LICENSE,BSD-3-Clause
github.com/google/go-querystring/query,https://github.com/google/go-querystring/blob/v1.1.0/LICENSE,BSD-3-Clause
github.com/google/renameio/v2,https://github.com/google/renameio/blob/v2.0.0/LICENSE,Apache-2.0
github.com/google/s2a-go,https://github.com/google/s2a-go/blob/v0.1.9/LICENSE.md,Apache-2.0
github.com/google/uuid,https://github.com/google/uuid/blob/v1.6.0/LICENSE,BSD-3-Clause
github.com/google/wire,https://github.com/google/wire/blob/v0.6.0/LICENSE,Apache-2.0
github.com/googleapis/enterprise-certificate-proxy/client,https://github.com/googleapis/enterprise-certificate-proxy/blob/v0.3.6/LICENSE,Apache-2.0
github.com/googleapis/gax-go/v2,https://github.com/googleapis/gax-go/blob/v2.15.0/v2/LICENSE,BSD-3-Clause
github.com/gookit/color,https://github.com/gookit/color/blob/v1.5.4/LICENSE,MIT
github.com/gorilla/css/scanner,https://github.com/gorilla/css/blob/v1.0.1/LICENSE,BSD-3-Clause
github.com/gosimple/slug,https://github.com/gosimple/slug/blob/v1.15.0/LICENSE,MPL-2.0
github.com/gosimple/unidecode,https://github.com/gosimple/unidecode/blob/v1.0.1/LICENSE,Apache-2.0
github.com/hack-pad/hackpadfs,https://github.com/hack-pad/hackpadfs/blob/v0.2.4/LICENSE,Apache-2.0
github.com/hairyhenderson/go-fsimpl,https://github.com/hairyhenderson/go-fsimpl/blob/v0.3.1/LICENSE,MIT
github.com/hairyhenderson/gomplate/v3,https://github.com/hairyhenderson/gomplate/blob/v3.11.8/LICENSE,MIT
github.com/hairyhenderson/gomplate/v4,https://github.com/hairyhenderson/gomplate/blob/v4.3.3/LICENSE,MIT
github.com/hairyhenderson/toml,https://github.com/hairyhenderson/toml/blob/40456b8e66cf/COPYING,MIT
github.com/hairyhenderson/xignore,https://github.com/hairyhenderson/xignore/blob/95fe86932830/LICENSE.txt,MIT
github.com/hairyhenderson/yaml,https://github.com/hairyhenderson/yaml/blob/2d35fca545ce/LICENSE,MIT
github.com/hashicorp/aws-sdk-go-base/v2/endpoints,https://github.com/hashicorp/aws-sdk-go-base/blob/v2.0.0-beta.65/LICENSE,MPL-2.0
github.com/hashicorp/consul/api,https://github.com/hashicorp/consul/blob/api/v1.32.1/api/LICENSE,MPL-2.0
github.com/hashicorp/errwrap,https://github.com/hashicorp/errwrap/blob/v1.1.0/LICENSE,MPL-2.0
github.com/hashicorp/go-cleanhttp,https://github.com/hashicorp/go-cleanhttp/blob/v0.5.2/LICENSE,MPL-2.0
github.com/hashicorp/go-getter,https://github.com/hashicorp/go-getter/blob/v1.8.2/LICENSE,MPL-2.0
github.com/hashicorp/go-hclog,https://github.com/hashicorp/go-hclog/blob/v1.6.3/LICENSE,MIT
github.com/hashicorp/go-immutable-radix,https://github.com/hashicorp/go-immutable-radix/blob/v1.3.1/LICENSE,MPL-2.0
github.com/hashicorp/go-metrics/compat,https://github.com/hashicorp/go-metrics/blob/v0.5.4/LICENSE,MIT
github.com/hashicorp/go-multierror,https://github.com/hashicorp/go-multierror/blob/v1.1.1/LICENSE,MPL-2.0
github.com/hashicorp/go-retryablehttp,https://github.com/hashicorp/go-retryablehttp/blob/v0.7.7/LICENSE,MPL-2.0
github.com/hashicorp/go-rootcerts,https://github.com/hashicorp/go-rootcerts/blob/v1.0.2/LICENSE,MPL-2.0
github.com/hashicorp/go-secure-stdlib/awsutil,https://github.com/hashicorp/go-secure-stdlib/blob/awsutil/v0.3.0/awsutil/LICENSE,MPL-2.0
github.com/hashicorp/go-secure-stdlib/parseutil,https://github.com/hashicorp/go-secure-stdlib/blob/parseutil/v0.2.0/parseutil/LICENSE,MPL-2.0
github.com/hashicorp/go-secure-stdlib/strutil,https://github.com/hashicorp/go-secure-stdlib/blob/strutil/v0.1.2/strutil/LICENSE,MPL-2.0
github.com/hashicorp/go-sockaddr,https://github.com/hashicorp/go-sockaddr/blob/v1.0.7/LICENSE,MPL-2.0
github.com/hashicorp/go-uuid,https://github.com/hashicorp/go-uuid/blob/v1.0.3/LICENSE,MPL-2.0
github.com/hashicorp/go-version,https://github.com/hashicorp/go-version/blob/v1.7.0/LICENSE,MPL-2.0
github.com/hashicorp/golang-lru/simplelru,https://github.com/hashicorp/golang-lru/blob/v1.0.2/LICENSE,MPL-2.0
github.com/hashicorp/golang-lru/v2,https://github.com/hashicorp/golang-lru/blob/v2.0.7/LICENSE,MPL-2.0
github.com/hashicorp/golang-lru/v2/simplelru,https://github.com/hashicorp/golang-lru/blob/v2.0.7/simplelru/LICENSE_list,BSD-3-Clause
github.com/hashicorp/hcl,https://github.com/hashicorp/hcl/blob/v1.0.1-vault-7/LICENSE,MPL-2.0
github.com/hashicorp/hcl/v2,https://github.com/hashicorp/hcl/blob/v2.24.0/LICENSE,MPL-2.0
github.com/hashicorp/serf/coordinate,https://github.com/hashicorp/serf/blob/v0.10.2/LICENSE,MPL-2.0
github.com/hashicorp/terraform-config-inspect/tfconfig,https://github.com/hashicorp/terraform-config-inspect/blob/225c06ed5fd9/LICENSE,MPL-2.0
github.com/hashicorp/terraform-exec,https://github.com/hashicorp/terraform-exec/blob/v0.24.0/LICENSE,MPL-2.0
github.com/hashicorp/terraform-json,https://github.com/hashicorp/terraform-json/blob/v0.27.1/LICENSE,MPL-2.0
github.com/hashicorp/vault/api,https://github.com/hashicorp/vault/blob/api/v1.20.0/api/LICENSE,MPL-2.0
github.com/hashicorp/vault/api/auth/approle,https://github.com/hashicorp/vault/blob/api/auth/approle/v0.9.0/api/auth/approle/LICENSE,MPL-2.0
github.com/hashicorp/vault/api/auth/aws,https://github.com/hashicorp/vault/blob/api/auth/aws/v0.10.0/api/auth/aws/LICENSE,MPL-2.0
github.com/hashicorp/vault/api/auth/userpass,https://github.com/hashicorp/vault/blob/api/auth/userpass/v0.9.0/api/auth/userpass/LICENSE,MPL-2.0
github.com/huandu/go-clone,https://github.com/huandu/go-clone/blob/v1.7.3/LICENSE,MIT
github.com/huandu/go-sqlbuilder,https://github.com/huandu/go-sqlbuilder/blob/v1.37.0/LICENSE,MIT
github.com/huandu/xstrings,https://github.com/huandu/xstrings/blob/v1.5.0/LICENSE,MIT
github.com/iancoleman/orderedmap,https://github.com/iancoleman/orderedmap/blob/v0.3.0/LICENSE,MIT
github.com/itchyny/gojq,https://github.com/itchyny/gojq/blob/v0.12.17/LICENSE,MIT
github.com/itchyny/timefmt-go,https://github.com/itchyny/timefmt-go/blob/v0.1.6/LICENSE,MIT
github.com/jbenet/go-context/io,https://github.com/jbenet/go-context/blob/d14ea06fba99/LICENSE,MIT
github.com/jfrog/archiver/v3,https://github.com/jfrog/archiver/blob/v3.6.1/LICENSE,MIT
github.com/jfrog/build-info-go,https://github.com/jfrog/build-info-go/blob/v1.11.0/LICENSE,Apache-2.0
github.com/jfrog/gofrog,https://github.com/jfrog/gofrog/blob/v1.7.6/LICENSE,Apache-2.0
github.com/jfrog/jfrog-client-go,https://github.com/jfrog/jfrog-client-go/blob/v1.55.0/LICENSE,Apache-2.0
github.com/jinzhu/copier,https://github.com/jinzhu/copier/blob/v0.4.0/License,MIT
github.com/jmespath/go-jmespath,https://github.com/jmespath/go-jmespath/blob/v0.4.0/LICENSE,Apache-2.0
github.com/joho/godotenv,https://github.com/joho/godotenv/blob/v1.5.1/LICENCE,MIT
github.com/json-iterator/go,https://github.com/json-iterator/go/blob/v1.1.12/LICENSE,MIT
github.com/jwalton/go-supportscolor,https://github.com/jwalton/go-supportscolor/blob/v1.2.0/LICENSE,MIT
github.com/jwalton/go-supportscolor/pkg/hasFlag,https://github.com/jwalton/go-supportscolor/blob/v1.2.0/pkg/hasFlag/LICENSE,MIT
github.com/kballard/go-shellquote,https://github.com/kballard/go-shellquote/blob/95032a82bc51/LICENSE,MIT
github.com/kevinburke/ssh_config,https://github.com/kevinburke/ssh_config/blob/v1.2.0/LICENSE,MIT
github.com/klauspost/compress,https://github.com/klauspost/compress/blob/v1.18.0/LICENSE,Apache-2.0
github.com/klauspost/compress/internal/snapref,https://github.com/klauspost/compress/blob/v1.18.0/internal/snapref/LICENSE,BSD-3-Clause
github.com/klauspost/compress/zstd/internal/xxhash,https://github.com/klauspost/compress/blob/v1.18.0/zstd/internal/xxhash/LICENSE.txt,MIT
github.com/klauspost/cpuid/v2,https://github.com/klauspost/cpuid/blob/v2.2.9/LICENSE,MIT
github.com/klauspost/pgzip,https://github.com/klauspost/pgzip/blob/v1.2.6/LICENSE,MIT
github.com/kubescape/go-git-url,https://github.com/kubescape/go-git-url/blob/v0.0.30/LICENSE,Apache-2.0
github.com/kylelemons/godebug,https://github.com/kylelemons/godebug/blob/v1.1.0/LICENSE,Apache-2.0
github.com/lestrrat-go/blackmagic,https://github.com/lestrrat-go/blackmagic/blob/v1.0.4/LICENSE,MIT
github.com/lestrrat-go/dsig,https://github.com/lestrrat-go/dsig/blob/v1.0.0/LICENSE,MIT
github.com/lestrrat-go/httpcc,https://github.com/lestrrat-go/httpcc/blob/v1.0.1/LICENSE,MIT
github.com/lestrrat-go/httprc/v3,https://github.com/lestrrat-go/httprc/blob/v3.0.1/LICENSE,MIT
github.com/lestrrat-go/jwx/v3,https://github.com/lestrrat-go/jwx/blob/v3.0.11/LICENSE,MIT
github.com/lestrrat-go/option,https://github.com/lestrrat-go/option/blob/v1.0.1/LICENSE,MIT
github.com/lestrrat-go/option/v2,https://github.com/lestrrat-go/option/blob/v2.0.0/LICENSE,MIT
github.com/lrstanley/bubblezone,https://github.com/lrstanley/bubblezone/blob/v1.0.0/LICENSE,MIT
github.com/lucasb-eyer/go-colorful,https://github.com/lucasb-eyer/go-colorful/blob/v1.2.0/LICENSE,MIT
github.com/magiconair/properties,https://github.com/magiconair/properties/blob/v1.8.10/LICENSE.md,BSD-2-Clause
github.com/marshallbrekka/go-u2fhost,https://github.com/marshallbrekka/go-u2fhost/blob/3ccdec8c8105/LICENSE,MIT
github.com/mattn/go-colorable,https://github.com/mattn/go-colorable/blob/v0.1.14/LICENSE,MIT
github.com/mattn/go-isatty,https://github.com/mattn/go-isatty/blob/v0.0.20/LICENSE,MIT
github.com/mattn/go-runewidth,https://github.com/mattn/go-runewidth/blob/v0.0.19/LICENSE,MIT
github.com/mgutz/ansi,https://github.com/mgutz/ansi/blob/9520e82c474b/LICENSE,MIT
github.com/microcosm-cc/bluemonday,https://github.com/microcosm-cc/bluemonday/blob/v1.0.27/LICENSE.md,BSD-3-Clause
github.com/mikefarah/yq/v4/pkg/yqlib,https://github.com/mikefarah/yq/blob/v4.48.1/LICENSE,MIT
github.com/minio/sha256-simd,https://github.com/minio/sha256-simd/blob/v1.0.1/LICENSE,Apache-2.0
github.com/mitchellh/copystructure,https://github.com/mitchellh/copystructure/blob/v1.2.0/LICENSE,MIT
github.com/mitchellh/go-homedir,Unknown,MIT
github.com/mitchellh/go-wordwrap,https://github.com/mitchellh/go-wordwrap/blob/v1.0.1/LICENSE.md,MIT
github.com/mitchellh/hashstructure/v2,https://github.com/mitchellh/hashstructure/blob/v2.0.2/LICENSE,MIT
github.com/mitchellh/mapstructure,https://github.com/mitchellh/mapstructure/blob/v1.5.0/LICENSE,MIT
github.com/mitchellh/reflectwalk,https://github.com/mitchellh/reflectwalk/blob/v1.0.2/LICENSE,MIT
github.com/moby/locker,https://github.com/moby/locker/blob/v1.0.1/LICENSE,Apache-2.0
github.com/modern-go/concurrent,https://github.com/modern-go/concurrent/blob/bacd9c7ef1dd/LICENSE,Apache-2.0
github.com/modern-go/reflect2,https://github.com/modern-go/reflect2/blob/v1.0.2/LICENSE,Apache-2.0
github.com/muesli/ansi,https://github.com/muesli/ansi/blob/276c6243b2f6/LICENSE,MIT
github.com/muesli/cancelreader,https://github.com/muesli/cancelreader/blob/v0.2.2/LICENSE,MIT
github.com/muesli/reflow,https://github.com/muesli/reflow/blob/v0.3.0/LICENSE,MIT
github.com/muesli/termenv,https://github.com/muesli/termenv/blob/v0.16.0/LICENSE,MIT
github.com/munnerz/goautoneg,https://github.com/munnerz/goautoneg/blob/a7dc8b61c822/LICENSE,BSD-3-Clause
github.com/nwaples/rardecode,https://github.com/nwaples/rardecode/blob/v1.1.3/LICENSE,BSD-2-Clause
github.com/open-policy-agent/opa,https://github.com/open-policy-agent/opa/blob/v1.9.0/LICENSE,Apache-2.0
github.com/open-policy-agent/opa/internal/edittree/bitvector,https://github.com/open-policy-agent/opa/blob/v1.9.0/internal/edittree/bitvector/license.txt,BSD-3-Clause
github.com/open-policy-agent/opa/internal/gojsonschema,https://github.com/open-policy-agent/opa/blob/v1.9.0/internal/gojsonschema/LICENSE-APACHE-2.0.txt,Apache-2.0
github.com/open-policy-agent/opa/internal/semver,https://github.com/open-policy-agent/opa/blob/v1.9.0/internal/semver/LICENSE,Apache-2.0
github.com/opencontainers/go-digest,https://github.com/opencontainers/go-digest/blob/v1.0.0/LICENSE,Apache-2.0
github.com/opencontainers/image-spec/specs-go,https://github.com/opencontainers/image-spec/blob/v1.1.1/LICENSE,Apache-2.0
github.com/otiai10/copy,https://github.com/otiai10/copy/blob/v1.14.1/LICENSE,MIT
github.com/pelletier/go-toml/v2,https://github.com/pelletier/go-toml/blob/v2.2.4/LICENSE,MIT
github.com/pierrec/lz4/v4,https://github.com/pierrec/lz4/blob/v4.1.22/LICENSE,BSD-3-Clause
github.com/pjbgf/sha1cd,https://github.com/pjbgf/sha1cd/blob/v0.3.2/LICENSE,Apache-2.0
github.com/pkg/browser,https://github.com/pkg/browser/blob/5ac0b6a4141c/LICENSE,BSD-2-Clause
github.com/pkg/errors,https://github.com/pkg/errors/blob/v0.9.1/LICENSE,BSD-2-Clause
github.com/playwright-community/playwright-go,https://github.com/playwright-community/playwright-go/blob/v0.4702.0/LICENSE,MIT
github.com/posthog/posthog-go,https://github.com/posthog/posthog-go/blob/v1.6.11/LICENSE.md,MIT
github.com/prometheus/client_golang/prometheus,https://github.com/prometheus/client_golang/blob/v1.23.2/LICENSE,Apache-2.0
github.com/prometheus/client_model/go,https://github.com/prometheus/client_model/blob/v0.6.2/LICENSE,Apache-2.0
github.com/prometheus/common,https://github.com/prometheus/common/blob/v0.66.1/LICENSE,Apache-2.0
github.com/rcrowley/go-metrics,https://github.com/rcrowley/go-metrics/blob/65e299d6c5c9/LICENSE,BSD-2-Clause-FreeBSD
github.com/redis/go-redis/v9,https://github.com/redis/go-redis/blob/v9.12.1/LICENSE,BSD-2-Clause
github.com/rivo/uniseg,https://github.com/rivo/uniseg/blob/v0.4.7/LICENSE.txt,MIT
github.com/rs/zerolog,https://github.com/rs/zerolog/blob/v1.26.1/LICENSE,MIT
github.com/ryanuber/go-glob,https://github.com/ryanuber/go-glob/blob/v1.0.0/LICENSE,MIT
github.com/sagikazarmark/locafero,https://github.com/sagikazarmark/locafero/blob/v0.11.0/LICENSE,MIT
github.com/sahilm/fuzzy,https://github.com/sahilm/fuzzy/blob/v0.1.1/LICENSE,MIT
github.com/samber/lo,https://github.com/samber/lo/blob/v1.52.0/LICENSE,MIT
github.com/santhosh-tekuri/jsonschema/v5,https://github.com/santhosh-tekuri/jsonschema/blob/v5.3.1/LICENSE,Apache-2.0
github.com/sergi/go-diff/diffmatchpatch,https://github.com/sergi/go-diff/blob/v1.4.0/LICENSE,MIT
github.com/shopspring/decimal,https://github.com/shopspring/decimal/blob/v1.4.0/LICENSE,MIT
github.com/sirupsen/logrus,https://github.com/sirupsen/logrus/blob/dd1b4c2e81af/LICENSE,MIT
github.com/skeema/knownhosts,https://github.com/skeema/knownhosts/blob/v1.3.1/LICENSE,Apache-2.0
github.com/sourcegraph/conc,https://github.com/sourcegraph/conc/blob/5f936abd7ae8/LICENSE,MIT
github.com/spf13/afero,https://github.com/spf13/afero/blob/v1.15.0/LICENSE.txt,Apache-2.0
github.com/spf13/cast,https://github.com/spf13/cast/blob/v1.10.0/LICENSE,MIT
github.com/spf13/cobra,https://github.com/spf13/cobra/blob/v1.10.1/LICENSE.txt,Apache-2.0
github.com/spf13/pflag,https://github.com/spf13/pflag/blob/v1.0.10/LICENSE,BSD-3-Clause
github.com/spf13/viper,https://github.com/spf13/viper/blob/v1.21.0/LICENSE,MIT
github.com/spiffe/go-spiffe/v2,https://github.com/spiffe/go-spiffe/blob/v2.5.0/v2/LICENSE,Apache-2.0
github.com/subosito/gotenv,https://github.com/subosito/gotenv/blob/v1.6.0/LICENSE,MIT
github.com/tchap/go-patricia/v2/patricia,https://github.com/tchap/go-patricia/blob/v2.3.3/LICENSE,MIT
github.com/terraform-docs/terraform-config-inspect/tfconfig,https://github.com/terraform-docs/terraform-config-inspect/blob/9c1f178932fa/LICENSE,MPL-2.0
github.com/terraform-docs/terraform-docs,https://github.com/terraform-docs/terraform-docs/blob/v0.20.0/LICENSE,MIT
github.com/tidwall/gjson,https://github.com/tidwall/gjson/blob/v1.18.0/LICENSE,MIT
github.com/tidwall/match,https://github.com/tidwall/match/blob/v1.1.1/LICENSE,MIT
github.com/tidwall/pretty,https://github.com/tidwall/pretty/blob/v1.2.1/LICENSE,MIT
github.com/trimble-oss/go-webauthn-client,https://github.com/trimble-oss/go-webauthn-client/blob/v0.3.0/LICENSE,MIT
github.com/ugorji/go/codec,https://github.com/ugorji/go/blob/codec/v1.3.0/codec/LICENSE,MIT
github.com/ulikunitz/xz,https://github.com/ulikunitz/xz/blob/v0.5.15/LICENSE,BSD-3-Clause
github.com/valyala/fastjson,https://github.com/valyala/fastjson/blob/v1.6.4/LICENSE,MIT
github.com/vbatts/tar-split/archive/tar,https://github.com/vbatts/tar-split/blob/v0.12.1/LICENSE,BSD-3-Clause
github.com/vektah/gqlparser/v2,https://github.com/vektah/gqlparser/blob/v2.5.30/LICENSE,MIT
github.com/versent/saml2aws/v2,https://github.com/versent/saml2aws/blob/v2.36.19/LICENSE.md,MIT
github.com/xanzy/ssh-agent,https://github.com/xanzy/ssh-agent/blob/v0.3.3/LICENSE,Apache-2.0
github.com/xeipuuv/gojsonpointer,https://github.com/xeipuuv/gojsonpointer/blob/02993c407bfb/LICENSE-APACHE-2.0.txt,Apache-2.0
github.com/xeipuuv/gojsonreference,https://github.com/xeipuuv/gojsonreference/blob/bd5ef7bd5415/LICENSE-APACHE-2.0.txt,Apache-2.0
github.com/xeipuuv/gojsonschema,https://github.com/xeipuuv/gojsonschema/blob/v1.2.0/LICENSE-APACHE-2.0.txt,Apache-2.0
github.com/xi2/xz,Unknown,Unknown
github.com/xo/terminfo,https://github.com/xo/terminfo/blob/abceb7e1c41e/LICENSE,MIT
github.com/yashtewari/glob-intersection,https://github.com/yashtewari/glob-intersection/blob/v0.2.0/LICENSE,Apache-2.0
github.com/yuin/goldmark,https://github.com/yuin/goldmark/blob/v1.7.8/LICENSE,MIT
github.com/yuin/goldmark-emoji,https://github.com/yuin/goldmark-emoji/blob/v1.0.5/LICENSE,MIT
github.com/yuin/gopher-lua,https://github.com/yuin/gopher-lua/blob/v1.1.1/LICENSE,MIT
github.com/zalando/go-keyring,https://github.com/zalando/go-keyring/blob/v0.2.6/LICENSE,MIT
github.com/zclconf/go-cty/cty,https://github.com/zclconf/go-cty/blob/v1.17.0/LICENSE,MIT
github.com/zealic/xignore,https://github.com/zealic/xignore/blob/v0.3.3/LICENSE.txt,MIT
github.com/zeebo/errs,https://github.com/zeebo/errs/blob/v1.4.0/LICENSE,MIT
go.etcd.io/bbolt,https://github.com/etcd-io/bbolt/blob/v1.4.0/LICENSE,MIT
go.opencensus.io,https://github.com/census-instrumentation/opencensus-go/blob/v0.24.0/LICENSE,Apache-2.0
go.opentelemetry.io/auto/sdk,https://github.com/open-telemetry/opentelemetry-go-instrumentation/blob/sdk/v1.1.0/sdk/LICENSE,Apache-2.0
go.opentelemetry.io/contrib/detectors/gcp,https://github.com/open-telemetry/opentelemetry-go-contrib/blob/detectors/gcp/v1.36.0/detectors/gcp/LICENSE,Apache-2.0
go.opentelemetry.io/contrib/instrumentation/google.golang.org/grpc/otelgrpc,https://github.com/open-telemetry/opentelemetry-go-contrib/blob/instrumentation/google.golang.org/grpc/otelgrpc/v0.61.0/instrumentation/google.golang.org/grpc/otelgrpc/LICENSE,Apache-2.0
go.opentelemetry.io/contrib/instrumentation/net/http/otelhttp,https://github.com/open-telemetry/opentelemetry-go-contrib/blob/instrumentation/net/http/otelhttp/v0.63.0/instrumentation/net/http/otelhttp/LICENSE,Apache-2.0
go.opentelemetry.io/otel,https://github.com/open-telemetry/opentelemetry-go/blob/v1.38.0/LICENSE,Apache-2.0
go.opentelemetry.io/otel/metric,https://github.com/open-telemetry/opentelemetry-go/blob/metric/v1.38.0/metric/LICENSE,Apache-2.0
go.opentelemetry.io/otel/sdk,https://github.com/open-telemetry/opentelemetry-go/blob/sdk/v1.38.0/sdk/LICENSE,Apache-2.0
go.opentelemetry.io/otel/sdk/metric,https://github.com/open-telemetry/opentelemetry-go/blob/sdk/metric/v1.38.0/sdk/metric/LICENSE,Apache-2.0
go.opentelemetry.io/otel/trace,https://github.com/open-telemetry/opentelemetry-go/blob/trace/v1.38.0/trace/LICENSE,Apache-2.0
go.yaml.in/yaml/v2,https://github.com/yaml/go-yaml/blob/v2.4.2/LICENSE,Apache-2.0
go.yaml.in/yaml/v3,https://github.com/yaml/go-yaml/blob/v3.0.4/LICENSE,MIT
go4.org/intern,https://github.com/go4org/intern/blob/6c62f75575cb/LICENSE,BSD-3-Clause
go4.org/netipx,https://github.com/go4org/netipx/blob/fdeea329fbba/LICENSE,BSD-3-Clause
go4.org/unsafe/assume-no-moving-gc,https://github.com/go4org/unsafe-assume-no-moving-gc/blob/b99613f794b6/LICENSE,BSD-3-Clause
gocloud.dev,https://github.com/google/go-cloud/blob/v0.41.0/LICENSE,Apache-2.0
golang.org/x/crypto,https://cs.opensource.google/go/x/crypto/+/v0.43.0:LICENSE,BSD-3-Clause
golang.org/x/exp,https://cs.opensource.google/go/x/exp/+/054e65f0:LICENSE,BSD-3-Clause
golang.org/x/mod/semver,https://cs.opensource.google/go/x/mod/+/v0.28.0:LICENSE,BSD-3-Clause
golang.org/x/net,https://cs.opensource.google/go/x/net/+/v0.46.0:LICENSE,BSD-3-Clause
golang.org/x/oauth2,https://cs.opensource.google/go/x/oauth2/+/v0.32.0:LICENSE,BSD-3-Clause
golang.org/x/sync,https://cs.opensource.google/go/x/sync/+/v0.17.0:LICENSE,BSD-3-Clause
golang.org/x/sys,https://cs.opensource.google/go/x/sys/+/v0.37.0:LICENSE,BSD-3-Clause
golang.org/x/term,https://cs.opensource.google/go/x/term/+/v0.36.0:LICENSE,BSD-3-Clause
golang.org/x/text,https://cs.opensource.google/go/x/text/+/v0.30.0:LICENSE,BSD-3-Clause
golang.org/x/time/rate,https://cs.opensource.google/go/x/time/+/v0.13.0:LICENSE,BSD-3-Clause
golang.org/x/xerrors,https://cs.opensource.google/go/x/xerrors/+/7835f813:LICENSE,BSD-3-Clause
google.golang.org/api,https://github.com/googleapis/google-api-go-client/blob/v0.252.0/LICENSE,BSD-3-Clause
google.golang.org/api/internal/third_party/uritemplates,https://github.com/googleapis/google-api-go-client/blob/v0.252.0/internal/third_party/uritemplates/LICENSE,BSD-3-Clause
google.golang.org/genproto/googleapis,https://github.com/googleapis/go-genproto/blob/513f23925822/LICENSE,Apache-2.0
google.golang.org/genproto/googleapis/api,https://github.com/googleapis/go-genproto/blob/c5933d9347a5/googleapis/api/LICENSE,Apache-2.0
google.golang.org/genproto/googleapis/rpc,https://github.com/googleapis/go-genproto/blob/7c0ddcbb5797/googleapis/rpc/LICENSE,Apache-2.0
google.golang.org/grpc,https://github.com/grpc/grpc-go/blob/v1.76.0/LICENSE,Apache-2.0
google.golang.org/protobuf,https://github.com/protocolbuffers/protobuf-go/blob/v1.36.10/LICENSE,BSD-3-Clause
gopkg.in/ini.v1,https://github.com/go-ini/ini/blob/v1.67.0/LICENSE,Apache-2.0
gopkg.in/op/go-logging.v1,https://github.com/op/go-logging/blob/b2cb9fa56473/LICENSE,BSD-3-Clause
gopkg.in/warnings.v0,https://github.com/go-warnings/warnings/blob/v0.1.2/LICENSE,BSD-2-Clause
gopkg.in/yaml.v2,https://github.com/go-yaml/yaml/blob/v2.4.0/LICENSE,Apache-2.0
gopkg.in/yaml.v3,https://github.com/go-yaml/yaml/blob/v3.0.1/LICENSE,MIT
inet.af/netaddr,Unknown,BSD-3-Clause
k8s.io/client-go/third_party/forked/golang/template,https://github.com/kubernetes/client-go/blob/v0.33.2/third_party/forked/golang/LICENSE,BSD-3-Clause
k8s.io/client-go/util/jsonpath,https://github.com/kubernetes/client-go/blob/v0.33.2/LICENSE,Apache-2.0
k8s.io/utils/strings/slices,https://github.com/kubernetes/utils/blob/3ea5e8cea738/LICENSE,Apache-2.0
mvdan.cc/sh/v3,https://github.com/mvdan/sh/blob/v3.12.0/LICENSE,BSD-3-Clause
mvdan.cc/xurls/v2,https://github.com/mvdan/xurls/blob/v2.5.0/LICENSE,BSD-3-Clause
oras.land/oras-go/v2,https://github.com/oras-project/oras-go/blob/v2.6.0/LICENSE,Apache-2.0
sigs.k8s.io/yaml,https://github.com/kubernetes-sigs/yaml/blob/v1.6.0/LICENSE,Apache-2.0
